,Fossil Hard coal,Fossil Gas,Nuclear,ETS,A1,P20
0,10.1184,22.475,5.1,27.37,0.3858893654552889,0.9360995003544914
1,10.1184,22.475,5.1,27.37,0.3858893654552889,0.9360995003544914
2,10.1184,22.255,5.1,25.28,0.3821120279523672,0.926822925791407
3,10.1184,22.93,5.1,25.66,0.3937015861999678,0.9552851432008705
4,10.1184,22.93,5.1,25.66,0.3937015861999678,0.9552851432008705
5,10.1184,22.93,5.1,25.66,0.3937015861999678,0.9552851432008705
6,9.8472,21.53,5.1,24.22,0.3696639839086484,0.8962523959812425
7,9.8472,22.09,5.1,24.78,0.3792790248251765,0.9198654948690944
8,9.8472,21.72,5.1,23.93,0.37292622993389896,0.9042639831039064
9,9.8472,21.675,5.1,23.96,0.3721535927173921,0.9023665019432758
10,9.8472,22.255,5.1,24.52,0.3821120279523672,0.926822925791407
11,9.8472,22.255,5.1,24.52,0.3821120279523672,0.926822925791407
12,9.8472,22.255,5.1,24.52,0.3821120279523672,0.926822925791407
13,9.9372,21.675,5.1,24.33,0.3721535927173921,0.9023665019432758
14,9.9372,22.0,5.1,24.4,0.37773375039216284,0.916070532547832
15,9.9372,22.005,5.1,25.18,0.3778195989717747,0.9162813637879024
16,9.9372,22.995,5.1,25.39,0.3948176177349222,0.9580259493217821
17,9.9372,22.605,5.1,26.63,0.3881214285251973,0.941581112596314
18,9.9372,22.605,5.1,26.63,0.3881214285251973,0.941581112596314
19,9.9372,22.605,5.1,26.63,0.3881214285251973,0.941581112596314
20,9.7884,22.605,5.1,26.25,0.3881214285251973,0.941581112596314
21,9.7884,21.815,5.1,26.94,0.37455735294652415,0.9082697766652384
22,9.7884,22.19,5.1,26.47,0.38099599641741316,0.9240821196704955
23,9.7884,21.28,5.1,25.85,0.36537155492805595,0.8857108339777379
24,9.7884,20.89,5.1,25.68,0.35867536571833103,0.8692659972522702
25,9.7884,20.89,5.1,25.68,0.35867536571833103,0.8692659972522702
26,9.7884,20.89,5.1,25.68,0.35867536571833103,0.8692659972522702
27,9.4896,20.55,5.1,24.5,0.3528376623047249,0.8549294729275038
28,9.4896,20.585,5.1,25.08,0.35343860236200775,0.8564052916079937
29,9.4896,20.18,5.1,24.72,0.3464848674134474,0.8393279611623159
30,9.4896,19.85,5.1,23.9,0.340818861159065,0.8254130993176894
31,9.4896,19.3,5.1,23.55,0.33137551740176074,0.8022216629099782
32,9.4896,19.3,5.1,23.55,0.33137551740176074,0.8022216629099782
33,9.4896,19.3,5.1,23.55,0.33137551740176074,0.8022216629099782
34,9.0564,19.355,5.1,24.63,0.33231985177749135,0.8045408065507491
35,9.0564,19.14,5.1,24.74,0.32862836285418134,0.7954750632277346
36,9.0564,18.915,5.1,25.24,0.3247651767716481,0.7859876574245809
37,9.0564,18.91,5.1,25.02,0.32467932819203604,0.7857768261845105
38,9.0564,18.265,5.1,23.91,0.3136048614221068,0.7585795962154678
39,9.0564,18.265,5.1,23.91,0.3136048614221068,0.7585795962154678
40,9.0564,18.265,5.1,23.91,0.3136048614221068,0.7585795962154678
41,8.848799999999999,18.055,5.1,23.97,0.3099992210784089,0.7497246841325234
42,8.848799999999999,17.785,5.1,22.25,0.30536339777936883,0.7383397971687381
43,8.848799999999999,18.02,5.1,22.51,0.3093982810211258,0.7482488654520322
44,8.848799999999999,17.755,5.1,21.37,0.3048483063016976,0.7370748097283176
45,8.848799999999999,18.1,5.1,22.04,0.3107718582949157,0.7516221652931543
46,8.848799999999999,18.1,5.1,22.04,0.3107718582949157,0.7516221652931543
47,8.848799999999999,18.1,5.1,22.04,0.3107718582949157,0.7516221652931543
48,8.8752,18.1,5.1,21.6,0.3107718582949157,0.7516221652931543
49,8.8752,17.705,5.1,21.81,0.3039898205055791,0.7349664973276167
50,8.8752,18.145,5.1,22.04,0.3115444955114223,0.7535196464537849
51,8.8752,17.52,5.1,20.32,0.30081342305994047,0.7271657414450228
52,8.8752,17.23,5.1,20.43,0.2958342054424528,0.7149375295209569
53,8.8752,17.23,5.1,20.43,0.2958342054424528,0.7149375295209569
54,8.8752,17.23,5.1,20.43,0.2958342054424528,0.7149375295209569
55,8.928,16.945,5.1,20.65,0.2909408364045771,0.7029201488369615
56,8.928,17.045,5.1,21.08,0.2926578079968142,0.7071367736383634
57,8.928,17.615,5.1,22.7,0.30244454607256566,0.7311715350063547
58,8.928,17.815,5.1,23.13,0.30587848925704,0.7396047846091589
59,8.928,17.32,5.1,23.73,0.2973794798754663,0.718732491842219
60,8.928,17.32,5.1,23.73,0.2973794798754663,0.718732491842219
61,8.928,17.32,5.1,23.73,0.2973794798754663,0.718732491842219
62,8.8452,17.4,5.1,24.6,0.2987530571492558,0.7221057916833403
63,8.8452,17.18,5.1,24.42,0.2949757196463343,0.7128292171202559
64,8.8452,16.85,5.1,23.6,0.28930971339195194,0.6989143552756295
65,8.8452,16.87,5.1,24.76,0.2896531077103993,0.6997576802359097
66,8.8452,16.73,5.1,24.52,0.2872493474812673,0.6938544055139467
67,8.8452,16.73,5.1,24.52,0.2872493474812673,0.6938544055139467
68,8.8452,16.73,5.1,24.52,0.2872493474812673,0.6938544055139467
69,8.6424,16.625,5.1,23.78,0.2854465273094185,0.6894269494724748
70,8.6424,16.21,5.1,23.8,0.27832109520163456,0.6719279565466567
71,8.6424,15.725,5.1,23.72,0.2699937829792845,0.6514773262598571
72,8.6424,15.605,5.1,24.2,0.2679334170686,0.6464173764981747
73,8.6424,15.25,5.1,23.92,0.2618381679161582,0.6314483584531979
74,8.6424,15.25,5.1,23.92,0.2618381679161582,0.6314483584531979
75,8.6424,15.25,5.1,23.92,0.2618381679161582,0.6314483584531979
76,8.5368,14.98,5.1,23.22,0.25720234461711816,0.6200634714894127
77,8.5368,15.005,5.1,22.53,0.25763158751517723,0.6211176276897628
78,8.5368,15.215,5.1,23.02,0.26123722785887515,0.6299725397727067
79,8.5368,14.565,5.1,22.28,0.250076912509334,0.6025644785635941
80,8.5368,14.455,5.1,21.99,0.24818824375787332,0.5979261912820517
81,8.5368,14.455,5.1,21.99,0.24818824375787332,0.5979261912820517
82,8.5368,14.455,5.1,21.99,0.24818824375787332,0.5979261912820517
83,8.2656,14.185,5.1,22.23,0.24355242045883307,0.5865413043182665
84,8.2656,14.385,5.1,22.84,0.24698636364330742,0.5949745539210707
85,8.2656,14.995,5.1,23.15,0.25745989035595346,0.6206959652096224
86,8.2656,14.43,5.1,23.55,0.24775900085981387,0.5968720350817013
87,8.2656,14.215,5.1,22.82,0.24406751193650406,0.5878062917586867
88,8.2656,14.215,5.1,22.82,0.24406751193650406,0.5878062917586867
89,8.2656,14.215,5.1,22.82,0.24406751193650406,0.5878062917586867
90,6.774,13.845,5.1,23.16,0.23771471704522693,0.5722047799934995
91,6.774,13.455,5.1,23.25,0.23101852783550222,0.555759943268032
92,6.774,14.19,5.1,24.45,0.24363826903844496,0.5867521355583366
93,6.774,14.805,5.1,25.72,0.2541976443307031,0.6126843780869587
94,6.774,16.635,5.1,25.9,0.2856182244686421,0.6898486119526147
95,6.774,16.635,5.1,25.9,0.2856182244686421,0.6898486119526147
96,6.774,16.635,5.1,25.9,0.2856182244686421,0.6898486119526147
97,7.14,15.965,5.1,25.58,0.2741145148006536,0.6615972257832219
98,7.14,16.755,5.1,26.84,0.2876785903793265,0.6949085617142976
99,7.14,15.73,5.1,27.41,0.2700796315588962,0.651688157499927
100,7.14,15.995,5.1,28.58,0.27462960627832456,0.6628622132236424
101,7.14,15.855,5.1,27.82,0.2722258460491927,0.6569589385016797
102,7.14,15.855,5.1,27.82,0.2722258460491927,0.6569589385016797
103,7.14,15.855,5.1,27.82,0.2722258460491927,0.6569589385016797
104,7.14,15.01,5.1,28.05,0.2577174360947893,0.6213284589298328
105,7.14,14.835,5.1,28.25,0.2547127358083742,0.6139493655273796
106,7.14,15.195,5.1,28.71,0.2608938335404278,0.6291292148124262
107,7.14,14.46,5.1,28.14,0.24827409233748504,0.5981370225221216
108,7.14,14.46,5.1,28.14,0.24827409233748504,0.5981370225221216
109,7.14,14.46,5.1,28.14,0.24827409233748504,0.5981370225221216
110,7.14,14.46,5.1,28.14,0.24827409233748504,0.5981370225221216
111,7.131599999999999,14.46,5.1,28.14,0.24827409233748504,0.5981370225221216
112,7.131599999999999,14.42,5.1,28.8,0.24758730370059026,0.5964503726015612
113,7.131599999999999,14.265,5.1,28.66,0.24492599773262258,0.5899146041593878
114,7.131599999999999,14.535,5.1,28.54,0.24956182103166302,0.6012994911231735
115,7.131599999999999,14.425,5.1,27.09,0.24767315228020198,0.5966612038416311
116,7.131599999999999,14.425,5.1,27.09,0.24767315228020198,0.5966612038416311
117,7.131599999999999,14.425,5.1,27.09,0.24767315228020198,0.5966612038416311
118,7.1112,14.525,5.1,27.55,0.24939012387243925,0.6008778286430334
119,7.1112,14.39,5.1,27.43,0.2470722122229191,0.5951853851611406
120,7.1112,14.055,5.1,26.89,0.24132035738892485,0.5810596920764438
121,7.1112,14.365,5.1,25.79,0.24664296932485966,0.5941312289607901
122,7.1112,14.565,5.1,26.29,0.250076912509334,0.6025644785635941
123,7.1112,14.565,5.1,26.29,0.250076912509334,0.6025644785635941
124,7.1112,14.565,5.1,26.29,0.250076912509334,0.6025644785635941
125,7.1772,14.335,5.1,26.42,0.24612787784718868,0.5928662415203693
126,7.1772,14.155,5.1,27.47,0.24303732898116193,0.5852763168778456
127,7.1772,14.32,5.1,27.99,0.2458703321083532,0.5922337478001589
128,7.1772,14.455,5.1,27.57,0.24818824375787332,0.5979261912820517
129,7.1772,13.995,5.1,26.62,0.24029017443358253,0.5785297171956028
130,7.1772,13.995,5.1,26.62,0.24029017443358253,0.5785297171956028
131,7.1772,13.995,5.1,26.62,0.24029017443358253,0.5785297171956028
132,7.051200000000001,13.76,5.1,26.03,0.23625529119182534,0.5686206489123077
133,7.051200000000001,13.785,5.1,26.87,0.2366845340898846,0.5696748051126584
134,7.051200000000001,13.855,5.1,26.96,0.2378864142044507,0.5726264424736398
135,7.051200000000001,13.385,5.1,26.56,0.22981664772093632,0.5528083059070505
136,7.051200000000001,12.855,5.1,25.96,0.2207166982820796,0.5304601944596201
137,7.051200000000001,12.855,5.1,25.96,0.2207166982820796,0.5304601944596201
138,7.051200000000001,12.855,5.1,25.96,0.2207166982820796,0.5304601944596201
139,6.9552,12.905,5.1,26.16,0.22157518407819815,0.5325685068603209
140,6.9552,12.705,5.1,26.35,0.218141240893724,0.5241352572575171
141,6.9552,12.65,5.1,27.34,0.2171969065179934,0.5218161136167456
142,6.9552,12.595,5.1,27.03,0.21625257214226315,0.5194969699759747
143,6.9552,12.25,5.1,26.44,0.2103290201490451,0.5049496144111381
144,6.9552,12.25,5.1,26.44,0.2103290201490451,0.5049496144111381
145,6.9552,12.25,5.1,26.44,0.2103290201490451,0.5049496144111381
146,6.747599999999999,12.25,5.1,26.61,0.2103290201490451,0.5049496144111381
147,6.747599999999999,12.52,5.1,26.46,0.21496484344808517,0.5163345013749233
148,6.747599999999999,12.225,5.1,26.51,0.20989977725098583,0.5038954582107875
149,6.747599999999999,11.475,5.1,26.28,0.1970224903092076,0.4722707722002726
150,6.747599999999999,11.205,5.1,25.45,0.19238666701016746,0.4608858852364871
151,6.747599999999999,11.205,5.1,25.45,0.19238666701016746,0.4608858852364871
152,6.747599999999999,11.205,5.1,25.45,0.19238666701016746,0.4608858852364871
153,6.231599999999999,11.1,5.1,24.74,0.1905838468383184,0.4564584291950151
154,6.231599999999999,11.91,5.1,25.58,0.20449131673543902,0.4906130900863711
155,6.231599999999999,11.6,5.1,25.28,0.19916870479950402,0.47754155320202535
156,6.231599999999999,11.105,5.1,25.09,0.19066969541793038,0.45666926043508543
157,6.231599999999999,11.52,5.1,25.66,0.19779512752571415,0.4741682533609032
158,6.231599999999999,11.52,5.1,25.66,0.19779512752571415,0.4741682533609032
159,6.231599999999999,11.52,5.1,25.66,0.19779512752571415,0.4741682533609032
160,6.1152,11.805,5.1,26.36,0.20268849656358998,0.48618563404489884
161,6.1152,11.2,5.1,26.11,0.19230081843055546,0.460675053996417
162,6.1152,11.14,5.1,25.92,0.19127063547521325,0.458145079115576
163,6.1152,11.395,5.1,26.05,0.1956489130354179,0.46889747235915086
164,6.1152,11.32,5.1,26.15,0.19436118434124,0.4657350037580994
165,6.1152,11.32,5.1,26.15,0.19436118434124,0.4657350037580994
166,6.1152,11.32,5.1,26.15,0.19436118434124,0.4657350037580994
167,5.8716,11.57,5.1,26.12,0.19865361332183268,0.47627656576160415
168,5.8716,11.035,5.1,26.22,0.18946781530336418,0.45371762307410357
169,5.8716,10.485,5.1,26.07,0.1800244715460602,0.430526186666393
170,5.8716,10.15,5.1,26.2,0.17427261671206593,0.4164004935816962
171,5.8716,10.355,5.1,26.42,0.17779240847615205,0.4250445744245705
172,5.8716,10.355,5.1,26.42,0.17779240847615205,0.4250445744245705
173,5.8716,10.355,5.1,26.42,0.17779240847615205,0.4250445744245705
174,5.8872,10.2,5.1,27.53,0.17513110250818445,0.4185088059823969
175,5.8872,9.845,5.1,27.64,0.16903585335574292,0.40353978793742035
176,5.8872,9.62,5.1,28.65,0.1651726672732093,0.3940523821342657
177,5.8872,9.375,5.1,28.15,0.16096608687222844,0.3837216513708309
178,5.8872,10.115,5.1,27.5,0.17367167665478306,0.4149246749012056
179,5.8872,10.115,5.1,27.5,0.17367167665478306,0.4149246749012056
180,5.8872,10.115,5.1,27.5,0.17367167665478306,0.4149246749012056
181,6.393599999999999,10.365,5.1,28.17,0.17796410563537574,0.4254662369047105
182,6.393599999999999,10.225,5.1,27.98,0.17556034540624382,0.4195629621827478
183,6.393599999999999,10.295,5.1,27.78,0.17676222552080972,0.42251459954372905
184,6.393599999999999,10.295,5.1,27.28,0.17676222552080972,0.42251459954372905
185,6.393599999999999,11.215,5.1,27.67,0.19255836416939115,0.4613075477166274
186,6.393599999999999,11.215,5.1,27.67,0.19255836416939115,0.4613075477166274
187,6.393599999999999,11.215,5.1,27.67,0.19255836416939115,0.4613075477166274
188,6.909599999999999,11.88,5.1,28.16,0.20397622525776787,0.48934810264595086
189,6.909599999999999,11.76,5.1,27.9,0.20191585934708334,0.48428815288426824
190,6.909599999999999,12.135,5.1,29.65,0.20835450281797255,0.5001004958895258
191,6.909599999999999,13.13,5.1,29.71,0.22543837016073173,0.5420559126634756
192,6.909599999999999,13.28,5.1,30.26,0.22801382754908717,0.5483808498655783
193,6.909599999999999,13.28,5.1,30.26,0.22801382754908717,0.5483808498655783
194,6.909599999999999,13.28,5.1,30.26,0.22801382754908717,0.5483808498655783
195,6.924,12.895,5.1,30.56,0.22140348691897435,0.5321468443801808
196,6.924,11.415,5.1,29.98,0.19599230735386527,0.46974079731943136
197,6.924,10.99,5.1,29.98,0.18869517808685762,0.451820141913473
198,6.924,10.735,5.1,29.28,0.18431690052665298,0.4410677486698977
199,6.924,10.815,5.1,30.38,0.18569047780044257,0.44444104851101923
200,6.924,10.815,5.1,30.38,0.18569047780044257,0.44444104851101923
201,6.924,10.815,5.1,30.38,0.18569047780044257,0.44444104851101923
202,7.0104,10.16,5.1,30.5,0.1744443138712896,0.4168221560618364
203,7.0104,10.75,5.1,31.33,0.18457444626548863,0.4417002423901083
204,7.0104,10.075,5.1,30.7,0.1729848880178881,0.41323802498064477
205,7.0104,10.025,5.1,30.51,0.17212640222176967,0.4111297125799438
206,7.0104,9.965,5.1,29.75,0.17109621926642735,0.40859973769910257
207,7.0104,9.965,5.1,29.75,0.17109621926642735,0.40859973769910257
208,7.0104,9.965,5.1,29.75,0.17109621926642735,0.40859973769910257
209,6.972,9.81,5.1,29.85,0.16843491329845986,0.40206396925692944
210,6.972,9.79,5.1,29.29,0.1680915189800124,0.40122064429664905
211,6.972,11.0,5.1,29.38,0.1888668752460813,0.4522418043936132
212,6.972,12.36,5.1,30.83,0.21221768890050577,0.50958790169268
213,6.972,12.015,5.1,30.61,0.2062941369072879,0.4950405461278433
214,6.972,12.015,5.1,30.61,0.2062941369072879,0.4950405461278433
215,6.972,12.015,5.1,30.61,0.2062941369072879,0.4950405461278433
216,6.7692000000000005,11.465,5.1,30.04,0.19685079314998383,0.47184910972013233
217,6.7692000000000005,10.95,5.1,29.7,0.1880083894499628,0.4501334919929121
218,6.7692000000000005,11.41,5.1,29.56,0.1959064587742534,0.46952996607936126
219,6.7692000000000005,12.075,5.1,29.78,0.20732431986263022,0.49757052100868454
220,6.7692000000000005,12.025,5.1,29.36,0.2064658340665115,0.4954622086079834
221,6.7692000000000005,12.025,5.1,29.36,0.2064658340665115,0.4954622086079834
222,6.7692000000000005,12.025,5.1,29.36,0.2064658340665115,0.4954622086079834
223,6.7368,11.42,5.1,27.91,0.19607815593347708,0.4699516285595013
224,6.7368,11.86,5.1,28.3,0.20363283093932041,0.48850477768567013
225,6.7368,11.18,5.1,28.12,0.1919574241121081,0.45983172903613667
226,6.7368,11.225,5.1,27.2,0.19273006132861484,0.46172921019676766
227,6.7368,10.955,5.1,27.15,0.1880942380295746,0.450344323232982
228,6.7368,10.955,5.1,27.15,0.1880942380295746,0.450344323232982
229,6.7368,10.955,5.1,27.15,0.1880942380295746,0.450344323232982
230,6.643199999999999,10.785,5.1,27.73,0.1851753863227715,0.4431760610705988
231,6.643199999999999,11.215,5.1,27.42,0.19255836416939115,0.4613075477166274
232,6.643199999999999,11.415,5.1,27.17,0.19599230735386527,0.46974079731943136
233,6.643199999999999,10.99,5.1,26.81,0.18869517808685762,0.451820141913473
234,6.643199999999999,10.585,5.1,26.24,0.18174144313829735,0.43474281146779487
235,6.643199999999999,10.585,5.1,26.24,0.18174144313829735,0.43474281146779487
236,6.643199999999999,10.585,5.1,26.24,0.18174144313829735,0.43474281146779487
237,6.5784,10.315,5.1,26.97,0.1771056198392572,0.4233579245040094
238,6.5784,10.07,5.1,26.53,0.17289903943827623,0.4130271937405746
239,6.5784,10.235,5.1,27.11,0.1757320425654675,0.41998462466288805
240,6.5784,10.715,5.1,27.55,0.1839735062082055,0.44022442370961734
241,6.5784,12.795,5.1,27.37,0.2196865153267373,0.5279302195787788
242,6.5784,12.795,5.1,27.37,0.2196865153267373,0.5279302195787788
243,6.5784,12.795,5.1,27.37,0.2196865153267373,0.5279302195787788
244,6.8172,12.795,5.1,26.22,0.2196865153267373,0.5279302195787788
245,6.8172,12.1,5.1,26.21,0.2077535627606895,0.4986246772090352
246,6.8172,11.96,5.1,26.47,0.20534980253155746,0.492721402487072
247,6.8172,12.235,5.1,26.48,0.2100714744102096,0.5043171206909276
248,6.8172,12.35,5.1,26.05,0.21204599174128216,0.5091662392125399
249,6.8172,12.35,5.1,26.05,0.21204599174128216,0.5091662392125399
250,6.8172,12.35,5.1,26.05,0.21204599174128216,0.5091662392125399
251,7.228799999999999,12.235,5.1,25.97,0.2100714744102096,0.5043171206909276
252,7.228799999999999,14.405,5.1,27.69,0.2473297579617548,0.5958178788813507
253,7.228799999999999,14.355,5.1,27.27,0.24647127216563608,0.5937095664806497
254,7.228799999999999,14.465,5.1,27.42,0.24835994091709693,0.5983478537621922
255,7.228799999999999,14.71,5.1,27.38,0.2525665213180779,0.6086785845256267
256,7.228799999999999,14.71,5.1,27.38,0.2525665213180779,0.6086785845256267
257,7.228799999999999,14.71,5.1,27.38,0.2525665213180779,0.6086785845256267
258,7.355999999999999,15.335,5.1,28.07,0.2632975937695596,0.635032489534389
259,7.355999999999999,13.44,5.1,27.24,0.23076098209666657,0.5551274495478217
260,7.355999999999999,12.435,5.1,26.47,0.21350541759468375,0.5127503702937318
261,7.355999999999999,12.255,5.1,26.98,0.210414868728657,0.5051604456512083
262,7.355999999999999,12.71,5.1,27.59,0.21822708947333572,0.524346088497587
263,7.355999999999999,12.71,5.1,27.59,0.21822708947333572,0.524346088497587
264,7.355999999999999,12.71,5.1,27.59,0.21822708947333572,0.524346088497587
265,7.264799999999999,12.245,5.1,26.84,0.2102431715694332,0.5047387831710681
266,7.264799999999999,12.34,5.1,26.58,0.2118742945820584,0.5087445767323997
267,7.264799999999999,11.95,5.1,26.26,0.2051781053723337,0.4922997400069318
268,7.264799999999999,12.045,5.1,26.69,0.20680922838495888,0.4963055335682635
269,7.264799999999999,11.94,5.1,26.34,0.2050064082131101,0.4918780775267917
270,7.264799999999999,11.94,5.1,26.34,0.2050064082131101,0.4918780775267917
271,7.264799999999999,11.94,5.1,26.34,0.2050064082131101,0.4918780775267917
272,7.1796,16.39,5.1,25.76,0.2814116440676611,0.6795178811891803
273,7.1796,16.76,5.1,26.05,0.28776443895893844,0.6951193929543675
274,7.1796,16.005,5.1,25.2,0.2748013034375483,0.6632838757037826
275,7.1796,16.01,5.1,24.17,0.2748871520171602,0.6634947069438525
276,7.1796,15.77,5.1,23.91,0.2707664201957911,0.6533748074204877
277,7.1796,15.77,5.1,23.91,0.2707664201957911,0.6533748074204877
278,7.1796,15.77,5.1,23.91,0.2707664201957911,0.6533748074204877
279,7.29,15.505,5.1,24.35,0.26621644547636275,0.6422007516967724
280,7.29,15.64,5.1,23.5,0.2685343571258829,0.6478931951786654
281,7.29,15.575,5.1,23.6,0.2674183255909289,0.6451523890577542
282,7.29,15.85,5.1,24.18,0.27213999746958084,0.6567481072616094
283,7.29,16.135,5.1,25.36,0.2770333665074565,0.6687654879456053
284,7.29,16.135,5.1,25.36,0.2770333665074565,0.6687654879456053
285,7.29,16.135,5.1,25.36,0.2770333665074565,0.6687654879456053
286,7.240799999999999,16.04,5.1,25.06,0.2754022434948314,0.6647596943842737
287,7.240799999999999,16.065,5.1,26.64,0.2758314863928906,0.6658138505846238
288,7.240799999999999,16.075,5.1,27.23,0.27600318355211423,0.6662355130647637
289,7.240799999999999,16.025,5.1,27.0,0.2751446977559957,0.6641272006640627
290,7.240799999999999,15.965,5.1,26.8,0.2741145148006536,0.6615972257832219
291,7.240799999999999,15.965,5.1,26.8,0.2741145148006536,0.6615972257832219
292,7.240799999999999,15.965,5.1,26.8,0.2741145148006536,0.6615972257832219
293,7.1424,15.61,5.1,26.83,0.2680192656482117,0.6466282077382446
294,7.1424,15.595,5.1,26.52,0.26776171990937625,0.6459957140180344
295,7.1424,15.415,5.1,25.59,0.2646711710433495,0.638405789375511
296,7.1424,15.655,5.1,26.28,0.26879190286471855,0.6485256888988752
297,7.1424,15.235,5.1,25.8,0.26158062217732253,0.6308158647329871
298,7.1424,15.235,5.1,25.8,0.26158062217732253,0.6308158647329871
299,7.1424,15.235,5.1,25.8,0.26158062217732253,0.6308158647329871
300,6.783599999999999,14.39,5.1,25.93,0.2470722122229191,0.5951853851611406
301,6.783599999999999,13.835,5.1,26.25,0.23754301988600315,0.5717831175133594
302,6.783599999999999,13.78,5.1,26.76,0.2365986855102729,0.5694639738725885
303,6.783599999999999,16.135,5.1,26.35,0.2770333665074565,0.6687654879456053
304,6.783599999999999,16.175,5.1,26.02,0.27772015514435133,0.670452137866166
305,6.783599999999999,16.175,5.1,26.02,0.27772015514435133,0.670452137866166
306,6.783599999999999,16.175,5.1,26.02,0.27772015514435133,0.670452137866166
307,6.762,16.48,5.1,26.37,0.2829569185006746,0.683312843510442
308,6.762,16.79,5.1,26.24,0.2882795304366094,0.6963843803947883
309,6.762,16.28,5.1,25.52,0.27952297531620046,0.6748795939076382
310,6.762,16.12,5.1,25.65,0.27677582076862106,0.6681329942253951
311,6.762,15.94,5.1,25.56,0.2736852719025943,0.660543069582871
312,6.762,15.94,5.1,25.56,0.2736852719025943,0.660543069582871
313,6.762,15.94,5.1,25.56,0.2736852719025943,0.660543069582871
314,6.6576,15.845,5.1,25.65,0.2720541488899689,0.6565372760215391
315,6.6576,15.545,5.1,24.83,0.2669032341132577,0.6438874016173334
316,6.6576,15.45,5.1,25.1,0.26527211110063237,0.6398816080560015
317,6.6576,15.67,5.1,24.67,0.26904944860355406,0.6491581826190858
318,6.6576,15.715,5.1,24.57,0.2698220858200607,0.6510556637797172
319,6.6576,15.715,5.1,24.57,0.2698220858200607,0.6510556637797172
320,6.6576,15.715,5.1,24.57,0.2698220858200607,0.6510556637797172
321,6.663599999999999,15.23,5.1,24.13,0.26149477359771084,0.6306050334929173
322,6.663599999999999,15.29,5.1,24.17,0.26252495655305297,0.6331350083737581
323,6.663599999999999,15.59,5.1,24.75,0.26767587132976434,0.6457848827779644
324,6.663599999999999,15.625,5.1,24.66,0.2682768113870474,0.6472607014584552
325,6.663599999999999,16.05,5.1,25.31,0.27557394065405494,0.6651813568644136
326,6.663599999999999,16.05,5.1,25.31,0.27557394065405494,0.6651813568644136
327,6.663599999999999,16.05,5.1,25.31,0.27557394065405494,0.6651813568644136
328,6.783599999999999,16.235,5.1,25.16,0.27875033809969363,0.6729821127470071
329,6.783599999999999,15.85,5.1,25.11,0.27213999746958084,0.6567481072616094
330,6.783599999999999,15.98,5.1,25.84,0.27437206053948904,0.6622297195034317
331,6.783599999999999,15.98,5.1,25.73,0.27437206053948904,0.6622297195034317
332,6.783599999999999,16.33,5.1,25.94,0.2803814611123188,0.6769879063083392
333,6.783599999999999,16.33,5.1,25.94,0.2803814611123188,0.6769879063083392
334,6.783599999999999,16.33,5.1,25.94,0.2803814611123188,0.6769879063083392
335,6.702,15.81,5.1,25.06,0.27145320883268587,0.6550614573410487
336,6.702,15.77,5.1,24.74,0.2707664201957911,0.6533748074204877
337,6.702,15.88,5.1,25.48,0.272655088947252,0.6580130947020298
338,6.702,15.415,5.1,25.43,0.2646711710433495,0.638405789375511
339,6.702,15.14,5.1,25.68,0.2599494991646975,0.6268100711716555
340,6.702,15.14,5.1,25.68,0.2599494991646975,0.6268100711716555
341,6.702,15.14,5.1,25.68,0.2599494991646975,0.6268100711716555
342,6.453599999999999,14.89,5.1,25.87,0.2556570701841045,0.6162685091681505
343,6.453599999999999,14.53,5.1,25.68,0.24947597245205094,0.6010886598831031
344,6.453599999999999,14.045,5.1,25.19,0.24114866022970108,0.5806380295963037
345,6.453599999999999,14.77,5.1,25.79,0.25359670427342,0.6112085594064678
346,6.453599999999999,13.805,5.1,24.71,0.23702792840833198,0.5705181300729386
347,6.453599999999999,13.805,5.1,24.71,0.23702792840833198,0.5705181300729386
348,6.453599999999999,13.805,5.1,24.71,0.23702792840833198,0.5705181300729386
349,6.4152,13.89,5.1,25.52,0.23848735426173376,0.5741022611541308
350,6.4152,14.46,5.1,26.61,0.24827409233748504,0.5981370225221216
351,6.4152,14.95,5.1,27.13,0.25668725313944696,0.6187984840489916
352,6.4152,15.005,5.1,27.38,0.25763158751517723,0.6211176276897628
353,6.4152,14.235,5.1,27.21,0.24441090625495143,0.5886496167189674
354,6.4152,14.235,5.1,27.21,0.24441090625495143,0.5886496167189674
355,6.4152,14.235,5.1,27.21,0.24441090625495143,0.5886496167189674
356,6.42,13.025,5.1,27.08,0.2236355499888826,0.5376284566220034
357,6.42,12.605,5.1,26.62,0.21642426930148692,0.519918632456115
358,6.42,12.605,5.1,26.62,0.21642426930148692,0.519918632456115
359,6.42,12.605,5.1,26.62,0.21642426930148692,0.519918632456115
360,6.42,12.765,5.1,27.25,0.21917142384906613,0.5266652321383583
361,6.42,12.765,5.1,27.25,0.21917142384906613,0.5266652321383583
362,6.42,12.765,5.1,27.25,0.21917142384906613,0.5266652321383583
363,8.6016,12.295,5.1,25.63,0.21110165736555175,0.506847095571769
364,8.6016,12.05,5.1,25.18,0.20689507696457096,0.49651636480833383
1096,16.1064,80.435,7.64,84.01,1.381046100315914,3.380055235247084
1097,16.1064,80.435,7.64,84.01,1.381046100315914,3.380055235247084
1098,16.1064,80.435,7.64,84.01,1.381046100315914,3.380055235247084
1099,16.1064,88.74,7.64,84.91,1.5236405910512052,3.7302459250035183
1100,16.1064,91.52,7.64,87.58,1.5713724013153956,3.8474680944824913
1101,16.1064,96.5,7.64,86.74,1.6568775866088046,4.057456009592314
1102,16.1064,88.175,7.64,85.42,1.513939701555066,3.7064219948755985
1103,16.1064,88.175,7.64,85.42,1.513939701555066,3.7064219948755985
1104,16.1064,88.175,7.64,85.42,1.513939701555066,3.7064219948755985
1105,17.1948,84.605,7.64,80.09,1.4526438157122012,3.5558884894655454
1106,17.1948,78.735,7.64,81.3,1.3518575832478823,3.308372613623249
1107,17.1948,75.155,7.64,80.01,1.2903900002457944,3.1574174457330573
1108,17.1948,85.46,7.64,80.56,1.4673239228258286,3.591940631517534
1109,17.1948,86.97,7.64,82.08,1.4932501938686085,3.6556116660187055
1110,17.1948,86.97,7.64,82.08,1.4932501938686085,3.6556116660187055
1111,17.1948,86.97,7.64,82.08,1.4932501938686085,3.6556116660187055
1112,19.2384,78.22,7.64,80.58,1.343015179547862,3.2866569958960303
1113,19.2384,78.335,7.64,82.67,1.3449896968789348,3.291506114417643
1114,19.2384,75.6,7.64,82.09,1.2980305238312497,3.176181426099295
1115,19.2384,75.205,7.64,85.59,1.2912484860419133,3.15952575813376
1116,19.2384,78.98,7.64,84.47,1.3560641636488626,3.318703344386683
1117,19.2384,78.98,7.64,84.47,1.3560641636488626,3.318703344386683
1118,19.2384,78.98,7.64,84.47,1.3560641636488626,3.318703344386683
1119,20.214,93.0,7.64,84.02,1.5967835808805055,3.909874141543243
1120,20.214,93.58,7.64,87.45,1.6067420161154813,3.9343305653913747
1121,20.214,91.835,7.64,88.66,1.576780861830944,3.860750462606911
1122,20.214,92.3,7.64,89.76,1.584764779734846,3.88035776793343
1123,20.214,92.062,7.64,89.22,1.5806783873453212,3.8703222009060907
1124,20.214,92.062,7.64,89.22,1.5806783873453212,3.8703222009060907
1125,20.214,92.062,7.64,89.22,1.5806783873453212,3.8703222009060907
1126,21.372,84.67,7.64,89.24,1.4537598472471551,3.558629295586457
1127,21.372,76.165,7.64,89.52,1.3077314133273898,3.2000053562272193
1128,21.372,77.35,7.64,94.21,1.328077526695399,3.2499723601238313
1129,21.372,80.225,7.64,94.81,1.3774404599722154,3.371200323164137
1130,21.372,82.65,7.64,96.45,1.4190770210839652,3.4734534745981365
1131,21.372,82.65,7.64,96.45,1.4190770210839652,3.4734534745981365
1132,21.372,82.65,7.64,96.45,1.4190770210839652,3.4734534745981365
1133,22.416,79.595,7.64,96.7,1.3666235389411217,3.3446355869153064
1134,22.416,77.3,7.64,96.93,1.3272190408992801,3.247864047723132
1135,22.416,74.415,7.64,90.79,1.2776844104632399,3.126214422202683
1136,22.416,74.355,7.64,90.78,1.2766542275078978,3.123684447321842
1137,22.416,77.425,7.64,92.87,1.3293652553895765,3.2531348287248845
1138,22.416,77.425,7.64,92.87,1.3293652553895765,3.2531348287248845
1139,22.416,77.425,7.64,92.87,1.3293652553895765,3.2531348287248845
1140,22.2672,80.77,7.64,91.76,1.3867979551499086,3.3941809283317803
1141,22.2672,70.92,7.64,91.14,1.2176762533145535,2.9788433853936844
1142,22.2672,69.795,7.64,89.86,1.1983603229018862,2.9314063563779116
1143,22.2672,74.915,7.64,86.44,1.286269268424426,3.1472975462096944
1144,22.2672,73.76,7.64,89.47,1.2664382465340873,3.098595529753502
1145,22.2672,73.76,7.64,89.47,1.2664382465340873,3.098595529753502
1146,22.2672,73.76,7.64,89.47,1.2664382465340873,3.098595529753502
1147,23.3976,71.72,7.64,89.68,1.2314120260524501,3.0125763838048996
1148,23.3976,79.79,7.64,89.77,1.3699716335459853,3.352858005278043
1149,23.3976,88.89,7.64,95.07,1.526216048439561,3.736570862205621
1150,23.3976,134.315,7.64,87.03,2.306150394213265,5.651972678242475
1151,23.3976,94.422,7.64,88.14,1.6211989169221166,3.969834546219178
1152,23.3976,94.422,7.64,88.14,1.6211989169221166,3.969834546219178
1153,23.3976,94.422,7.64,88.14,1.6211989169221166,3.969834546219178
1154,43.008,98.595,7.64,82.21,1.692848141466172,4.145794299181684
1155,43.008,121.675,7.64,68.85,2.0891251849544954,5.118991303345265
1156,43.008,165.545,7.64,68.49,2.8423606224689104,6.968824603720314
1157,43.008,160.825,7.64,67.35,2.7613195633153196,6.76979991309414
1158,43.008,192.55,7.64,65.1,3.306028800952539,8.107524131338915
1159,43.008,192.55,7.64,65.1,3.306028800952539,8.107524131338915
1160,43.008,192.55,7.64,65.1,3.306028800952539,8.107524131338915
1161,48.3276,227.2,7.64,58.3,3.900959457662697,9.568584625024707
1162,48.3276,214.555,7.64,68.51,3.6838483998243157,9.03539241888743
1163,48.3276,155.88,7.64,73.18,2.676415318079195,6.5612878166648105
1164,48.3276,126.4,7.64,76.41,2.170252092687698,5.318226825211507
1165,48.3276,131.23,7.64,76.76,2.2531818205927503,5.5218898031192225
1166,48.3276,131.23,7.64,76.76,2.2531818205927503,5.5218898031192225
1167,48.3276,131.23,7.64,76.76,2.2531818205927503,5.5218898031192225
1168,39.4944,114.52,7.64,78.28,1.9662758675299303,4.817291798804953
1169,39.4944,115.44,7.64,77.43,1.9820720061785109,4.856084746977848
1170,39.4944,102.625,7.64,78.16,1.762042096633327,4.315724278678186
1171,39.4944,105.09,7.64,79.89,1.8043654463819714,4.419664080032745
1172,39.4944,105.045,7.64,78.89,1.8035928091654643,4.417766598872113
1173,39.4944,105.045,7.64,78.89,1.8035928091654643,4.417766598872113
1174,39.4944,105.045,7.64,78.89,1.8035928091654643,4.417766598872113
1175,37.570800000000006,96.302,7.64,78.39,1.6534779828561748,4.049107092485538
1176,37.570800000000006,98.745,7.64,80.67,1.6954235988545272,4.152119236383787
1177,37.570800000000006,117.0,7.64,76.6,2.0088567630174103,4.92186409387972
1178,37.570800000000006,111.61,7.64,78.24,1.9163119941958309,4.694588017084153
1179,37.570800000000006,101.27,7.64,78.6,1.738777131558515,4.258589012619186
1180,37.570800000000006,101.27,7.64,78.6,1.738777131558515,4.258589012619186
1181,37.570800000000006,101.27,7.64,78.6,1.738777131558515,4.258589012619186
1182,32.37,102.545,7.64,80.81,1.7606685193595368,4.312350978837065
1183,32.37,108.38,7.64,81.7,1.8608538117665732,4.55839103599887
1184,32.37,118.97,7.64,78.31,2.0426811033844805,5.004931602467338
1185,32.37,125.905,7.64,76.48,2.161753083306124,5.297354532444567
1186,32.37,112.15,7.64,78.49,1.925583640793912,4.717357791011725
1187,32.37,112.15,7.64,78.49,1.925583640793912,4.717357791011725
1188,32.37,112.15,7.64,78.49,1.925583640793912,4.717357791011725
1189,34.0428,109.525,7.64,78.5,1.8805131364976873,4.606671389974919
1190,34.0428,108.565,7.64,78.05,1.86403020921221,4.566191791881462
1191,34.0428,106.79,7.64,77.18,1.8335539634500022,4.4913467016565765
1192,34.0428,104.565,7.64,79.94,1.7953513455227272,4.397526799825383
1193,34.0428,103.88,7.64,80.09,1.7835900901159012,4.368642919935779
1194,34.0428,103.88,7.64,80.09,1.7835900901159012,4.368642919935779
1195,34.0428,103.88,7.64,80.09,1.7835900901159012,4.368642919935779
1196,37.917,100.135,7.64,77.95,1.7192895039866232,4.210730321123275
1197,37.917,102.22,7.64,79.01,1.7550883616847668,4.2986469482325065
1198,37.917,105.325,7.64,77.44,1.8084003296237288,4.429573148316037
1199,37.917,95.62,7.64,79.97,1.6417682365971185,4.020349711339978
1200,37.917,95.62,7.64,79.97,1.6417682365971185,4.020349711339978
1201,37.917,95.62,7.64,79.97,1.6417682365971185,4.020349711339978
1202,37.917,95.62,7.64,79.97,1.6417682365971185,4.020349711339978
1203,39.0216,95.62,7.64,79.97,1.6417682365971185,4.020349711339978
1204,39.0216,93.77,7.64,80.2,1.6100042621407316,3.9423421525140387
1205,39.0216,94.23,7.64,87.82,1.6179023314650225,3.961738626600487
1206,39.0216,100.06,7.64,86.44,1.7180017752924464,4.207567852522225
1207,39.0216,94.875,7.64,88.99,1.6289767982349512,3.98893585656953
1208,39.0216,94.875,7.64,88.99,1.6289767982349512,3.98893585656953
1209,39.0216,94.875,7.64,88.99,1.6289767982349512,3.98893585656953
1210,37.3716,92.835,7.64,83.46,1.593950577753314,3.9029167106209295
1211,37.3716,103.21,7.64,82.71,1.7720863804479137,4.340391533766389
1212,37.3716,107.425,7.64,81.01,1.8444567330607065,4.51812226914548
1213,37.3716,100.142,7.64,82.68,1.7194096919980786,4.211025484859371
1214,37.3716,99.45,7.64,84.45,1.7075282485797987,4.181846441233669
1215,37.3716,99.45,7.64,84.45,1.7075282485797987,4.181846441233669
1216,37.3716,99.45,7.64,84.45,1.7075282485797987,4.181846441233669
1217,35.8776,97.05,7.64,83.04,1.6663209303661082,4.080647446000024
1218,35.8776,99.425,7.64,88.19,1.7070990056817392,4.180792285033319
1219,35.8776,103.82,7.64,88.31,1.78255990716056,4.366112945054938
1220,35.8776,106.51,7.64,88.91,1.8287464429917393,4.479540152212652
1221,35.8776,101.71,7.64,91.54,1.746331806564357,4.277142161745357
1222,35.8776,101.71,7.64,91.54,1.746331806564357,4.277142161745357
1223,35.8776,101.71,7.64,91.54,1.746331806564357,4.277142161745357
1224,38.1,93.785,7.64,87.02,1.6102618078795665,3.9429746462342474
1225,38.1,98.8,7.64,87.34,1.6963679332302573,4.1544383800245575
1226,38.1,94.01,7.64,88.83,1.6141249939621,3.9524620520374034
1227,38.1,106.7,7.64,88.26,1.8320086890169882,4.487551739335316
1228,38.1,96.88,7.64,88.48,1.6634020786593053,4.07347918383764
1229,38.1,96.88,7.64,88.48,1.6634020786593053,4.07347918383764
1230,38.1,96.88,7.64,88.48,1.6634020786593053,4.07347918383764
1231,39.684,92.86,7.64,89.56,1.5943798206513742,3.9039708668212803
1232,39.684,94.175,7.64,91.72,1.6169579970892924,3.9594194829597167
1233,39.684,94.54,7.64,84.64,1.6232249434009576,3.9748101634848356
1234,39.684,91.025,7.64,83.18,1.5628733919338222,3.8265958017155524
1235,39.684,87.9,7.64,80.39,1.5092180296764135,3.694826276671742
1236,39.684,87.9,7.64,80.39,1.5092180296764135,3.694826276671742
1237,39.684,87.9,7.64,80.39,1.5092180296764135,3.694826276671742
1238,38.7756,83.29,7.64,78.15,1.4300656392742828,3.5004398733271103
1239,38.7756,84.505,7.64,81.32,1.4509268441199634,3.5516718646641436
1240,38.7756,88.08,7.64,81.4,1.51230857854244,3.702416201314266
1241,38.7756,85.97,7.64,84.76,1.4760804779462369,3.6134454180046833
1242,38.7756,86.875,7.64,84.2,1.4916190708559833,3.6516058724573726
1243,38.7756,86.875,7.64,84.2,1.4916190708559833,3.6516058724573726
1244,38.7756,86.875,7.64,84.2,1.4916190708559833,3.6516058724573726
1245,38.8668,86.875,7.64,83.97,1.4916190708559833,3.6516058724573726
1246,38.8668,94.005,7.64,84.02,1.614039145382489,3.952251220797336
1247,38.8668,85.55,7.64,86.08,1.468869197258841,3.5957355938387945
1248,38.8668,83.945,7.64,86.34,1.4413118032034353,3.528058765776292
1249,38.8668,83.1,7.64,86.87,1.4268033932490325,3.4924282862044467
1250,38.8668,83.1,7.64,86.87,1.4268033932490325,3.4924282862044467
1251,38.8668,83.1,7.64,86.87,1.4268033932490325,3.4924282862044467
1252,39.1272,82.56,7.64,81.43,1.417531746650952,3.469658512276874
1253,39.1272,79.61,7.64,81.31,1.366881084679958,3.345268080635517
1254,39.1272,79.405,7.64,79.81,1.3633612929158712,3.336623999792641
1255,39.1272,84.88,7.64,81.01,1.457365487590853,3.5674842076694024
1256,39.1272,82.465,7.64,81.86,1.415900623638326,3.465652718715543
1257,39.1272,82.465,7.64,81.86,1.415900623638326,3.465652718715543
1258,39.1272,82.465,7.64,81.86,1.415900623638326,3.465652718715543
1259,39.318,83.4,7.64,81.54,1.4319543080257444,3.5050781606086523
1260,39.318,97.04,7.64,84.15,1.666149233206885,4.080225783519883
1261,39.318,120.33,7.64,86.2,2.066031917038906,5.062277699766408
1262,39.318,124.365,7.64,83.0,2.1353117207856736,5.232418510502976
1263,39.318,117.74,7.64,82.37,2.021562352799966,4.953067117410095
1264,39.318,117.74,7.64,82.37,2.021562352799966,4.953067117410095
1265,39.318,117.74,7.64,82.37,2.021562352799966,4.953067117410095
1266,42.08519999999999,117.74,7.64,84.0,2.021562352799966,4.953067117410095
1267,42.08519999999999,125.56,7.64,84.73,2.1558295313129063,5.28280717687973
1268,42.08519999999999,127.17,7.64,81.88,2.1834727739479236,5.350694836182303
1269,42.08519999999999,133.345,7.64,84.13,2.289495769768564,5.6110714176688745
1270,42.08519999999999,128.505,7.64,83.43,2.2063943447042877,5.40698677728102
1271,42.08519999999999,128.505,7.64,83.43,2.2063943447042877,5.40698677728102
1272,42.08519999999999,128.505,7.64,83.43,2.2063943447042877,5.40698677728102
1273,44.214,129.46,7.64,85.05,2.222791423410153,5.447255544134406
1274,44.214,129.175,7.64,87.4,2.217898054372278,5.435238163450415
1275,44.214,139.588,7.64,88.35,2.396686306271926,5.874315304020399
1276,44.214,144.515,7.64,90.16,2.4812814966214494,6.082068407985474
1277,44.214,147.785,7.64,85.58,2.537426467687602,6.219952038991322
1278,44.214,147.785,7.64,85.58,2.537426467687602,6.219952038991322
1279,44.214,147.785,7.64,85.58,2.537426467687602,6.219952038991322
1280,45.9516,147.785,7.64,84.55,2.537426467687602,6.219952038991322
1281,45.9516,165.075,7.64,83.19,2.834290855985397,6.949006467153726
1282,45.9516,171.0,7.64,83.22,2.936021422825444,7.198841486636791
1283,45.9516,183.185,7.64,84.92,3.1452344113395347,7.712637218687619
1284,45.9516,175.21,7.64,82.79,3.0083059268586267,7.376361390775815
1285,45.9516,175.21,7.64,82.79,3.0083059268586267,7.376361390775815
1286,45.9516,175.21,7.64,82.79,3.0083059268586267,7.376361390775815
1287,47.043600000000005,164.52,7.64,84.36,2.8247616636484802,6.925604199505942
1288,47.043600000000005,172.61,7.64,85.65,2.963664665460463,7.266729145939366
1289,47.043600000000005,180.505,7.64,83.86,3.0992195726675806,7.599631674010048
1290,47.043600000000005,175.035,7.64,83.97,3.005301226572212,7.368982297373362
1291,47.043600000000005,159.565,7.64,85.38,2.739685721253132,6.716670440596475
1292,47.043600000000005,159.565,7.64,85.38,2.739685721253132,6.716670440596475
1293,47.043600000000005,159.565,7.64,85.38,2.739685721253132,6.716670440596475
1294,45.07919999999999,157.26,7.64,84.94,2.700109526052068,6.61947723892416
1295,45.07919999999999,154.455,7.64,83.65,2.6519484728898184,6.501200913244837
1296,45.07919999999999,155.04,7.64,78.84,2.661992756704405,6.525868168333036
1297,45.07919999999999,155.6,7.64,78.11,2.6716077976209323,6.549481267220888
1298,45.07919999999999,159.865,7.64,76.3,2.7448366360298437,6.72932031500068
1299,45.07919999999999,159.865,7.64,76.3,2.7448366360298437,6.72932031500068
1300,45.07919999999999,159.865,7.64,76.3,2.7448366360298437,6.72932031500068
1301,46.2264,176.615,7.64,76.37,3.0324293777295575,7.435604969235513
1302,46.2264,199.92,7.64,76.68,3.432569607300417,8.41828937920225
1303,46.2264,205.225,7.64,76.14,3.523654950268593,8.641981324916623
1304,46.2264,198.93,7.64,78.96,3.4155715885372673,8.376544793668366
1305,46.2264,190.915,7.64,78.55,3.277956315419464,8.038582315835999
1306,46.2264,190.915,7.64,78.55,3.277956315419464,8.038582315835999
1307,46.2264,190.915,7.64,78.55,3.277956315419464,8.038582315835999
1308,41.5128,200.795,7.64,80.58,3.4475931087324874,8.45518484621451
1309,41.5128,205.175,7.64,81.95,3.5227964644724743,8.639873012515915
1310,41.5128,199.195,7.64,83.99,3.4201215632566946,8.38771884939208
1311,41.5128,199.25,7.64,84.19,3.4210658976324266,8.390037993032854
1312,41.5128,196.32,7.64,84.76,3.370758629979878,8.266490886351775
1313,41.5128,196.32,7.64,84.76,3.370758629979878,8.266490886351775
1314,41.5128,196.32,7.64,84.76,3.370758629979878,8.266490886351775
1315,40.446,193.055,7.64,83.81,3.314699507493337,8.128818086585998
1316,40.446,192.185,7.64,85.93,3.2997618546408756,8.092133450813803
1317,40.446,205.365,7.64,85.92,3.526058710497726,8.647884599638582
1318,40.446,208.11,7.64,87.55,3.5731895807046348,8.763630950437069
1319,40.446,206.11,7.64,88.87,3.5388501488598902,8.67929845440903
1320,40.446,206.11,7.64,88.87,3.5388501488598902,8.67929845440903
1321,40.446,206.11,7.64,88.87,3.5388501488598902,8.67929845440903
1322,43.3908,220.11,7.64,90.78,3.7792261717730895,9.269625926605308
1323,43.3908,225.915,7.64,92.08,3.8788963727024512,9.514400996326692
1324,43.3908,225.835,7.64,95.8,3.877522795428661,9.51102769648557
1325,43.3908,241.005,7.64,96.04,4.137987385971027,10.150689678858251
1326,43.3908,244.55,7.64,98.01,4.198854028915833,10.300169028067948
1327,43.3908,244.55,7.64,98.01,4.198854028915833,10.300169028067948
1328,43.3908,244.55,7.64,98.01,4.198854028915833,10.300169028067948
1329,44.8824,276.75,7.64,92.17,4.751718881616181,11.657922214119397
1330,44.8824,269.05,7.64,89.29,4.6195120690139255,11.333242104411445
1331,44.8824,292.15,7.64,89.24,5.016132506820697,12.307282433535308
1332,44.8824,321.415,7.64,89.31,5.51860424328889,13.541277681665608
1333,44.8824,339.195,7.64,90.31,5.823881792388646,14.290993571354873
1334,44.8824,339.195,7.64,90.31,5.823881792388646,14.290993571354873
1335,44.8824,339.195,7.64,90.31,5.823881792388646,14.290993571354873
1336,44.4972,272.605,7.64,86.66,4.680550409117955,11.483143116101287
1337,44.4972,252.937,7.64,80.81,4.3428564363567626,10.653817350161539
1338,44.4972,239.905,7.64,80.03,4.119100698456421,10.104306806042834
1339,44.4972,243.005,7.64,80.79,4.172326817815772,10.23502217488629
1340,44.4972,214.665,7.64,77.89,3.6857370685757775,9.040030706168967
1341,44.4972,214.665,7.64,77.89,3.6857370685757775,9.040030706168967
1342,44.4972,214.665,7.64,77.89,3.6857370685757775,9.040030706168967
1343,42.6315,214.665,7.64,74.45,3.6857370685757775,9.040030706168967
1344,42.6315,239.84,7.64,69.88,4.117984666921467,10.10156599992192
1345,42.6315,213.885,7.64,69.03,3.6723446901563253,9.007141032718032
1346,42.6315,220.54,7.64,67.24,3.786609149619706,9.287757413251335
1347,42.6315,207.09,7.64,66.08,3.555676470463815,8.720621377462765
1348,42.6315,207.09,7.64,66.08,3.555676470463815,8.720621377462765
1349,42.6315,207.09,7.64,66.08,3.555676470463815,8.720621377462765
1350,40.0608,190.59,7.64,71.82,3.272376157744694,8.024878285231447
1351,40.0608,198.61,7.64,69.75,3.4100772794421093,8.363051594303883
1352,40.0608,217.88,7.64,72.54,3.7409377052662007,9.175595193534045
1353,40.0608,214.285,7.64,71.85,3.6792125765252766,9.024007531923646
1354,40.0608,187.795,7.64,73.27,3.224386801741665,7.907023622032254
1355,40.0608,187.795,7.64,73.27,3.224386801741665,7.907023622032254
1356,40.0608,187.795,7.64,73.27,3.224386801741665,7.907023622032254
1357,39.1824,182.26,7.64,71.1,3.1293524241113406,7.6736334392746555
1358,39.1824,194.26,7.64,71.14,3.335389015179794,8.179628415442892
1359,39.1824,189.78,7.64,69.79,3.2584686878475737,7.990723624340086
1360,39.1824,187.47,7.64,70.44,3.218806644066895,7.893319591427698
1361,39.1824,185.495,7.64,65.77,3.184896455120212,7.8100412516000075
1362,39.1824,185.495,7.64,65.77,3.184896455120212,7.8100412516000075
1363,39.1824,185.495,7.64,65.77,3.184896455120212,7.8100412516000075
1364,38.9556,173.835,7.64,70.33,2.9846975674653655,7.318382799756533
1365,38.9556,186.1,7.64,67.96,3.1952841332532462,7.835551831648489
1366,38.9556,207.185,7.64,65.15,3.5573075934764424,8.724627171024098
1367,38.9556,187.665,7.64,65.73,3.2221547386717573,7.901542009790431
1368,38.9556,188.8,7.64,66.73,3.2416423662436507,7.9494007012863435
1369,38.9556,188.8,7.64,66.73,3.2416423662436507,7.9494007012863435
1370,38.9556,188.8,7.64,66.73,3.2416423662436507,7.9494007012863435
1371,34.5756,169.91,7.64,65.94,2.917306432470061,7.152880276301512
1372,34.5756,161.95,7.64,66.92,2.780635493727986,6.817236942109911
1373,34.5756,173.695,7.64,67.07,2.982293807236233,7.312479525034572
1374,34.5756,175.71,7.64,68.96,3.0168907848198128,7.397444514782825
1375,34.5756,156.205,7.64,69.85,2.6819954757539666,6.57499184726937
1376,34.5756,156.205,7.64,69.85,2.6819954757539666,6.57499184726937
1377,34.5756,156.205,7.64,69.85,2.6819954757539666,6.57499184726937
1378,32.5068,154.12,7.64,66.77,2.646196618055823,6.487075220160136
1379,32.5068,156.78,7.64,66.34,2.6918680624093296,6.599237439877434
1380,32.5068,160.19,7.64,66.71,2.750416793704614,6.743024345605236
1381,32.5068,153.81,7.64,68.84,2.6408740061198888,6.474003683275792
1382,32.5068,141.995,7.64,68.02,2.4380138124970743,5.975809462990144
1383,32.5068,141.995,7.64,68.02,2.4380138124970743,5.975809462990144
1384,32.5068,141.995,7.64,68.02,2.4380138124970743,5.975809462990144
1385,32.292,127.98,7.64,67.51,2.1973802438450454,5.384849497073661
1386,32.292,113.22,7.64,67.77,1.9439552368308477,4.762475676386726
1387,32.292,112.51,7.64,67.29,1.9317647385259638,4.732537640296772
1388,32.292,127.145,7.64,66.87,2.183043531049864,5.349640679981951
1389,32.292,113.575,7.64,68.72,1.950050485983289,4.777444694431702
1390,32.292,113.575,7.64,68.72,1.950050485983289,4.777444694431702
1391,32.292,113.575,7.64,68.72,1.950050485983289,4.777444694431702
1392,31.5972,99.17,7.64,72.32,1.7027207281215357,4.170039891789749
1393,31.5972,99.795,7.64,77.11,1.7134518005730177,4.19639379679851
1394,31.5972,104.32,7.64,75.79,1.791144765121746,4.387196069061948
1395,31.5972,107.385,7.64,80.21,1.843769944423813,4.516435619224922
1396,31.5972,112.244,7.64,81.21,1.9271975940906132,4.721321418325042
1397,31.5972,112.244,7.64,81.21,1.9271975940906132,4.721321418325042
1398,31.5972,112.244,7.64,81.21,1.9271975940906132,4.721321418325042
1399,26.6604,123.35,7.64,79.97,2.1178844591244657,5.189619768768745
1400,26.6604,116.195,7.64,76.72,1.995035141699902,4.887920264228435
1401,26.6604,125.865,7.64,76.7,2.161066294669229,5.295667882524005
1402,26.6604,125.445,7.64,76.28,2.153855013981833,5.277958058358116
1403,26.6604,114.785,7.64,76.36,1.9708258422493576,4.828465854528667
1404,26.6604,114.785,7.64,76.36,1.9708258422493576,4.828465854528667
1405,26.6604,114.785,7.64,76.36,1.9708258422493576,4.828465854528667
1406,23.0976,109.685,7.64,77.49,1.8832602910452663,4.613417989657164
1407,23.0976,118.145,7.64,76.06,2.028516087748526,4.970144447855774
1408,23.0976,113.145,7.64,72.76,1.9426675081366709,4.759313207785674
1409,23.0976,113.45,7.64,73.05,1.9479042714929933,4.77217391342995
1410,23.0976,97.855,7.64,75.84,1.6801425516836173,4.114591275651309
1411,23.0976,97.855,7.64,75.84,1.6801425516836173,4.114591275651309
1412,23.0976,97.855,7.64,75.84,1.6801425516836173,4.114591275651309
1413,24.0996,113.705,7.64,75.23,1.952282549053198,4.782926306673527
1414,24.0996,124.105,7.64,76.65,2.1308475946458567,5.221455286019333
1415,24.0996,113.9,7.64,73.41,1.9556306436580604,4.791148725036258
1416,24.0996,112.555,7.64,72.4,1.9325373757424722,4.734435121457404
1417,24.0996,115.51,7.64,72.47,1.9832738862930774,4.859036384338832
1418,24.0996,115.51,7.64,72.47,1.9832738862930774,4.859036384338832
1419,24.0996,115.51,7.64,72.47,1.9832738862930774,4.859036384338832
1420,26.3604,116.13,7.64,74.28,1.9939191101649474,4.885179458107523
1421,26.3604,119.64,7.64,73.87,2.0541848130524696,5.033182988636731
1422,26.3604,129.62,7.64,75.87,2.225538577957732,5.4540021438166475
1423,26.3604,129.62,7.64,78.69,2.225538577957732,5.4540021438166475
1424,26.3604,124.37,7.64,78.97,2.135397569365284,5.2326293417430465
1425,26.3604,124.37,7.64,78.97,2.135397569365284,5.2326293417430465
1426,26.3604,124.37,7.64,78.97,2.135397569365284,5.2326293417430465
1427,31.704,123.28,7.64,78.59,2.116682579009901,5.186668131407765
1428,31.704,132.286,7.64,81.39,2.2713130406067736,5.5664173610220296
1429,31.704,146.395,7.64,84.9,2.5135605625555084,6.161340954251837
1430,31.704,139.26,7.64,84.88,2.391054639449389,5.860484774671801
1431,31.704,135.56,7.64,87.98,2.3275266905366165,5.704469657019928
1432,31.704,135.56,7.64,87.98,2.3275266905366165,5.704469657019928
1433,31.704,135.56,7.64,87.98,2.3275266905366165,5.704469657019928
1434,31.430399999999995,134.7,7.64,87.17,2.3127607348433776,5.668206683727874
1435,31.430399999999995,138.49,7.64,88.61,2.377833958189164,5.828016763701007
1436,31.430399999999995,149.245,7.64,88.19,2.562494252934264,6.281514761091787
1437,31.430399999999995,138.895,7.64,88.93,2.384787693137724,5.845094094146686
1438,31.430399999999995,139.115,7.64,87.73,2.388565030640646,5.854370668709772
1439,31.430399999999995,139.115,7.64,87.73,2.388565030640646,5.854370668709772
1440,31.430399999999995,139.115,7.64,87.73,2.388565030640646,5.854370668709772
1441,29.0892,136.59,7.64,89.81,2.345211497936659,5.747900892474371
1442,29.0892,137.53,7.64,88.99,2.3613510309036867,5.787537165607548
1443,29.0892,131.51,7.64,86.19,2.2579893410510135,5.533696352563148
1444,29.0892,134.765,7.64,85.2,2.313876766378332,5.670947489848784
1445,29.0892,115.45,7.64,83.68,1.9822437033377347,4.8565064094579915
1446,29.0892,115.45,7.64,83.68,1.9822437033377347,4.8565064094579915
1447,29.0892,115.45,7.64,83.68,1.9822437033377347,4.8565064094579915
1448,27.5316,108.545,7.64,84.69,1.8636868148937626,4.565348466921182
1449,27.5316,105.69,7.64,86.87,1.8146672759353937,4.444963828841154
1450,27.5316,97.75,7.64,85.6,1.6783397315117676,4.110163819609838
1451,27.5316,91.94,7.64,86.85,1.578583682002792,3.865177918648382
1452,27.5316,82.975,7.64,86.85,1.4246571787587352,3.4871575052026924
1453,27.5316,82.975,7.64,86.85,1.4246571787587352,3.4871575052026924
1454,27.5316,82.975,7.64,86.85,1.4246571787587352,3.4871575052026924
1455,26.0715,82.975,7.64,86.85,1.4246571787587352,3.4871575052026924
1456,26.0715,80.045,7.64,86.08,1.374349911106188,3.363610398521615
1457,26.0715,81.35,7.64,84.13,1.3967563903848825,3.41863735217991
1458,26.0715,83.83,7.64,82.36,1.439337285872364,3.5232096472546823
1459,26.0715,76.315,7.64,79.4,1.310306870715745,3.2063302934293207
1460,26.0715,76.315,7.64,79.4,1.310306870715745,3.2063302934293207
